Country Name,Country Code,Series Name,Series Code,2001 [YR2001],2002 [YR2002],2003 [YR2003],2004 [YR2004],2005 [YR2005],2006 [YR2006],2007 [YR2007],2008 [YR2008],2009 [YR2009],2010 [YR2010],2011 [YR2011],2012 [YR2012],2013 [YR2013],2014 [YR2014],2015 [YR2015],2016 [YR2016],2017 [YR2017],2018 [YR2018],2019 [YR2019],2020 [YR2020],2021 [YR2021],2022 [YR2022],2023 [YR2023],2024 [YR2024],2025 [YR2025]
Afghanistan,AFG,Gini index,SI.POV.GINI,..,..,..,..,..,..,..,..,..,..,..,..,..,..,..,..,..,..,..,..,..,..,..,..,..
Afghanistan,AFG,"Inflation, consumer prices (annual %)",FP.CPI.TOTL.ZG,..,..,..,..,12.6862687216715,6.78459655001655,8.68057078513406,26.4186641547444,-6.81116108898996,2.17853752389419,11.8041858089129,6.44121280934117,7.38577178397855,4.67399603536345,-0.661709164713742,4.38389195513915,4.97595150553833,0.626149149168847,2.30237251516834,5.60188791482224,5.13320340824963,13.7121023720065,-4.64470870797775,-6.60118564073726,..
Afghanistan,AFG,GDP per capita (current US$),NY.GDP.PCAP.CD,138.706821676113,178.954088379235,198.871115728727,221.763653873013,254.184249149336,274.218553561575,376.223152003876,381.73323802844,452.053705477043,560.621505463146,606.694676337726,651.417134470046,637.087099117099,625.054941813938,565.569730408751,522.082215583898,525.469770891619,491.337221382603,496.6025042585,510.787063366811,356.496214115892,357.261152798144,413.757894705303,..,..
Afghanistan,AFG,"Unemployment, total (% of total labor force) (national estimate)",SL.UEM.TOTL.NE.ZS,..,..,..,..,..,..,..,2.494,..,..,..,1.692,..,7.915,..,..,11.184,..,..,11.71,5.679,..,..,..,..
Armenia,ARM,Gini index,SI.POV.GINI,35.4,34.8,33,37.5,36,29.7,31.2,29.2,28,30,29.4,29.6,30.6,31.5,32.4,32.5,33.6,34.4,30,25.1,27.9,27.9,27.2,..,..
Armenia,ARM,"Inflation, consumer prices (annual %)",FP.CPI.TOTL.ZG,3.1459046468502,1.06004929341667,4.7215533660534,6.96126135875795,0.638928002410097,2.89235662459004,4.40736089644516,8.94995335353387,3.40676682683801,8.17636138473952,7.65000807859294,2.55802007757907,5.78966778544651,2.98130868933672,3.73169119261693,-1.403607559009,0.969553268816138,2.52023382001638,1.44344660770698,1.21143577838465,7.18483629443371,8.64091108973855,1.98041877615554,0.269511978259125,..
Armenia,ARM,GDP per capita (current US$),NY.GDP.PCAP.CD,659.588988535629,742.651118319819,882.030167695474,1130.08791444158,1557.48458908655,2041.65267068997,2962.70234594569,3777.66859313767,2820.5926553347,3041.34450723339,3349.55309771906,3511.56399687426,3680.16692158886,3852.11800610384,3512.39350276709,3524.42476874707,3869.05373867752,4196.00562301769,4597.22887399548,4268.68093304583,4685.17997128509,6571.97445545099,8159.08720967996,8556.21406956719,..
Armenia,ARM,"Unemployment, total (% of total labor force) (national estimate)",SL.UEM.TOTL.NE.ZS,35.964,..,..,..,..,..,10.394,22.974,19.295,19.523,18.884,17.511,16.576,17.498,18.261,17.617,17.704,10.589,9.794,8.055,8.418,8.262,8.298,..,..
Azerbaijan,AZE,Gini index,SI.POV.GINI,36.5,25.3,26.8,26.6,26.6,..,..,..,..,..,..,..,..,..,..,..,..,..,..,..,..,..,..,..,..
Azerbaijan,AZE,"Inflation, consumer prices (annual %)",FP.CPI.TOTL.ZG,1.5471959015228,2.7711647199827,2.2338649296705,6.70893042797784,9.67950731917057,8.3289248286321,16.6997549618244,20.8490871772712,1.45704835970321,5.72687224669605,7.8583333333334,1.06621339720303,2.41571745279419,1.37344181533176,4.02768573742726,12.4433748584372,12.9359184187335,2.26854690373999,2.61057182799215,2.75980947008127,6.65029912708779,13.8522590144267,8.78543049849081,2.21217188919901,..
Azerbaijan,AZE,GDP per capita (current US$),NY.GDP.PCAP.CD,703.670998584686,763.108895463487,883.692580745256,1045.0136328106,1578.36733030667,2472.95725732287,3851.33015175141,5574.46810432575,4950.39949009423,5843.5337683582,7189.81869211976,7495.86527658099,7875.34536661549,7890.84028062087,5500.50364628486,3880.6852276838,4147.1981423222,4739.7943123408,4805.75371765917,4229.91064904503,5408.04535175023,7770.594223351,7133.02838048328,7283.8499076179,..
Azerbaijan,AZE,"Unemployment, total (% of total labor force) (national estimate)",SL.UEM.TOTL.NE.ZS,10.91,10.04,9.17,7.99,7.26,6.62,6.33,5.86,5.74,5.63,5.42,5.19,4.97,4.91,4.96,5,5,4.9,5,7.24,6.04,5.65,..,..,..
Bahrain,BHR,Gini index,SI.POV.GINI,..,..,..,..,..,..,..,..,..,..,..,..,..,..,..,..,..,..,..,..,..,..,..,..,..
Bahrain,BHR,"Inflation, consumer prices (annual %)",FP.CPI.TOTL.ZG,-1.20757180156659,-0.495540138751154,1.59362549800787,2.35294117647062,2.58620689655173,2.00746965452849,3.25666666666703,3.52600316363721,2.79551283550412,1.96188468334623,-0.40004069748808,2.75739669962979,3.30001156888442,2.64755321246189,1.84862742374977,2.78679347602044,1.38671830576406,2.08766938046978,1.00582004702137,-2.31770629331379,-0.60631938514085,3.62574104304482,0.0746206782192256,0.919635459817651,..
Bahrain,BHR,GDP per capita (current US$),NY.GDP.PCAP.CD,13573.2339887597,13501.4708801425,14486.0269029822,15963.9493171617,17966.1657837625,19267.282615072,20908.4042548073,23299.4992780392,19465.3140745038,21819.3291098099,25032.7867743333,26438.6733230428,26989.7601148469,26451.7965647453,23734.0551143019,23800.001440631,24784.7693514607,26324.4066549559,27259.7438599327,24342.8444554718,27147.8083882286,30470.5219276023,29290.1284215098,29653.5682731534,..
Bahrain,BHR,"Unemployment, total (% of total labor force) (national estimate)",SL.UEM.TOTL.NE.ZS,..,..,..,..,..,..,5.6,3.7,4,1.13,4,1.2,..,..,..,..,..,..,..,..,..,..,..,..,..
Bangladesh,BGD,Gini index,SI.POV.GINI,..,..,..,..,33.2,..,..,..,..,32.1,..,..,..,..,..,32.4,..,..,..,..,..,30.9,..,..,..
Bangladesh,BGD,"Inflation, consumer prices (annual %)",FP.CPI.TOTL.ZG,2.0071737421384,3.33256493271913,5.66870773441476,7.5875363850469,7.04661816222039,6.76526117054757,9.10698496905383,8.90194489465154,5.42347236174679,8.12667639169917,11.3951651552399,6.21750422069284,7.53040640913172,6.99163889220849,6.19428022984984,5.51352572692995,5.70207015717239,5.54362139486476,5.59199639930629,5.69107474746211,5.54565430773473,7.69695437176898,9.8835030377921,10.4657482763412,..
Bangladesh,BGD,GDP per capita (current US$),NY.GDP.PCAP.CD,394.65641001891,393.886422327628,426.74880754362,455.614016909798,480.08585075452,490.388026533289,537.955492792911,613.06204104124,679.211477428056,757.385280361508,837.336944695647,859.680536375497,958.262989798283,1094.46199702838,1224.38647668165,1649.28380858601,1811.08221668646,1965.24372731467,2129.79896954606,2248.85078828233,2482.84917843357,2716.48592780431,2551.01773827307,2593.41611680774,..
Bangladesh,BGD,"Unemployment, total (% of total labor force) (national estimate)",SL.UEM.TOTL.NE.ZS,..,..,4.32,..,4.25,3.591,..,..,5,3.379,2.504,..,4.426,..,..,4.35,4.372,..,..,..,..,4.593,3.352,3.635,..
Bhutan,BTN,Gini index,SI.POV.GINI,..,..,40.9,..,..,..,38.1,..,..,..,..,38.8,..,..,..,..,37.4,..,..,..,..,28.5,..,..,..
Bhutan,BTN,"Inflation, consumer prices (annual %)",FP.CPI.TOTL.ZG,3.41478946111594,2.45535714285714,2.57230861693339,4.10593698272958,5.3126310463775,5.00045438022541,5.15611138758463,8.32716049382713,4.36112219119805,7.03638316073019,8.848985699468,10.919656944683,8.77638345268213,8.27106093949328,4.54814395082205,3.21988689395718,4.95508366985129,2.72396386183713,2.72643037388832,5.62936522632508,7.3468144053353,5.6391667139637,4.22934419929251,2.76131569624098,..
Bhutan,BTN,GDP per capita (current US$),NY.GDP.PCAP.CD,812.238210772056,895.799489930972,1022.38240311018,1130.35934606796,1299.94938578359,1405.6071618158,1850.41570433398,1919.59774896395,1918.39599211093,2435.5798056672,2787.97967608562,2751.2128864294,2679.95217201538,2849.49998647303,2954.04081911097,3152.30905106786,3435.28804735662,3400.20417245342,3576.87987100503,3191.66906999331,3570.61257980872,3711.32767981591,3831.32535494609,..,..
Bhutan,BTN,"Unemployment, total (% of total labor force) (national estimate)",SL.UEM.TOTL.NE.ZS,1.9,..,1.8,2.49,3.1,3.13,3.7,..,3.96,3.32,3.23,2.05,2.87,2.63,2.45,..,..,3.35,2.72,5.03,4.803,5.947,3.126,3.282,..
Brunei Darussalam,BRN,Gini index,SI.POV.GINI,..,..,..,..,..,..,..,..,..,..,..,..,..,..,..,..,..,..,..,..,..,..,..,..,..
Brunei Darussalam,BRN,"Inflation, consumer prices (annual %)",FP.CPI.TOTL.ZG,0.59589041095899,-2.31497242459321,0.299999999999967,0.814223994682613,1.24443711883965,0.159888078345121,0.967774119525101,2.08498023715415,1.03571774271613,0.356869132017561,0.13791156316954,0.111766261400307,0.389205053123632,-0.207108731719822,-0.488347420743522,-0.278693265753083,-1.2605056462896,1.02505179290212,-0.390522069165529,1.94031996607184,1.73341388450593,3.68225030604216,0.35706431153689,-0.388674165036461,..
Brunei Darussalam,BRN,GDP per capita (current US$),NY.GDP.PCAP.CD,18287.8272281914,18621.2922577525,20677.9001143188,24423.0946995548,29386.2703822862,34674.7995236452,36217.3290706015,42156.5685838672,30946.4673773828,34937.5555357155,46382.8274255349,46968.5971164922,44003.0644273461,41026.5084247957,30625.1287744656,26663.2972950602,28024.3824580252,30988.1190267227,30426.5730656528,26834.3592233943,31006.9636289785,36632.9280952155,32890.5491812019,33153.4738913513,..
Brunei Darussalam,BRN,"Unemployment, total (% of total labor force) (national estimate)",SL.UEM.TOTL.NE.ZS,..,..,..,..,..,..,..,..,..,..,..,..,..,6.862,..,..,9.316,8.7,6.6,7.409,4.905,5.191,5.296,4.871,..
Cambodia,KHM,Gini index,SI.POV.GINI,..,..,..,..,..,..,..,..,..,..,..,..,..,..,..,..,..,..,..,..,..,..,..,..,..
Cambodia,KHM,"Inflation, consumer prices (annual %)",FP.CPI.TOTL.ZG,-0.600648300123686,0.211466568022607,0.94174611779921,4.31933677434786,6.61525912001587,5.81068550464306,8.70882770568049,24.096851930605,-1.24171754189637,3.99639528107218,5.4784474961745,2.93431609293951,2.94162509547349,3.85568861424207,1.22393195511119,3.01913975139128,2.91263557371478,2.45908515380146,1.94257500833107,2.9402951426397,2.92073477592949,5.34370264895437,2.12746796594194,0.808042016536654,..
Cambodia,KHM,GDP per capita (current US$),NY.GDP.PCAP.CD,327.500984314444,350.147276634294,386.691123931778,444.199067529081,525.797325120926,612.252648550727,731.692295125426,866.283999789749,875.748936193569,952.274616324008,1088.98152823081,1192.80263041673,1305.6600972686,1431.56396469993,1547.32010444393,1675.19555711109,1826.35391688754,2036.67377566578,2225.87705485686,2081.73914242939,2167.40324198499,2325.03050040841,2429.74853452838,2627.87969756224,..
Cambodia,KHM,"Unemployment, total (% of total labor force) (national estimate)",SL.UEM.TOTL.NE.ZS,2.055,..,0.909,7.53,..,..,1.257,0.825,0.579,0.771,0.577,1.279,0.438,0.692,0.393,0.716,0.141,..,0.499,0.172,0.396,..,0.256,..,..
China,CHN,Gini index,SI.POV.GINI,..,42,..,..,40.9,..,..,43,..,43.7,42.4,42.2,39.7,39.2,38.6,38.5,39.1,38.5,38.2,37.1,35.7,36,..,..,..
China,CHN,"Inflation, consumer prices (annual %)",FP.CPI.TOTL.ZG,0.719125609120114,-0.731970902350244,1.12760348729637,3.82463743108159,1.77641407667571,1.6494309945586,4.81676767378834,5.92525137041092,-0.728165250932898,3.17532475269199,5.55389892257493,2.61952432645541,2.62105001748115,1.92164162788521,1.43702380935655,2.00000182191943,1.59313600071436,2.07479039965576,2.89923416358227,2.41942189457782,0.981015135544882,1.97357555739051,0.234836828893051,0.218128938439177,..
China,CHN,GDP per capita (current US$),NY.GDP.PCAP.CD,1065.40597574519,1163.55957673426,1306.97245408557,1530.92726215723,1777.64496828464,2129.25696999613,2734.72709877693,3523.44302065213,3898.24459158811,4629.24551710077,5703.76027973346,6405.0574241349,7147.03518622344,7781.06597484974,8175.33285077393,8254.86859320357,8979.67652709856,10085.6638148819,10342.9009524335,10627.4637989619,12887.4357242941,12970.6056414327,12951.1782397043,13303.1481543868,..
China,CHN,"Unemployment, total (% of total labor force) (national estimate)",SL.UEM.TOTL.NE.ZS,3.6,4,4.3,4.2,4.2,4.1,4,4.2,4.3,4.1,4.1,4.1,4.05,4.1,..,..,3.9,4.93,5.15,5.61,5.11,..,..,..,..
Cyprus,CYP,Gini index,SI.POV.GINI,..,..,..,30.1,30.3,31.1,31.1,31.7,32.1,31.5,32.6,34.3,37,35.6,34,32.9,31.4,32.7,31.2,31.7,31.3,31.5,31.8,..,..
Cyprus,CYP,"Inflation, consumer prices (annual %)",FP.CPI.TOTL.ZG,1.97304191729914,2.80115505180747,4.13906538686858,2.28621706801675,2.56016132330234,2.30468732978555,2.37265183669719,4.66900841902485,0.326276652249794,2.43004084102254,3.28944939564211,2.38905410042317,-0.399357676464426,-1.35498885446315,-2.0969976905311,-1.42916666666665,0.531766496174467,1.43549119531759,0.250370996758493,-0.638422797978959,2.44608867175474,8.39548297993334,3.54134188751663,1.80023018624815,..
Cyprus,CYP,GDP per capita (current US$),NY.GDP.PCAP.CD,14821.44921875,16093.2158203125,20252.24609375,23792.619140625,24959.26171875,26729.28125,31244.87890625,35397.296875,32236.44921875,31105.02734375,32485.798828125,28991.935546875,27764.73046875,26993.103515625,23088.44140625,24280.056640625,26247.44921875,29120.375,29227.173828125,28130.341796875,32937.83984375,33231.04296875,36623.69140625,38674.29296875,..
Cyprus,CYP,"Unemployment, total (% of total labor force) (national estimate)",SL.UEM.TOTL.NE.ZS,4.043,3.336,4.153,4.77,5.481,4.593,3.946,3.756,5.594,6.359,7.942,12.097,16.131,16.277,15.026,13.006,11.155,8.504,7.155,7.755,7.513,6.806,5.835,4.867,..
Georgia,GEO,Gini index,SI.POV.GINI,39.6,37.2,36.6,36.2,37.4,36.9,38.1,38.5,38.2,39.5,39.6,39,38.6,37.6,36.5,36.6,37.9,36.4,35.9,34.5,34.2,33.5,34.8,33.9,..
Georgia,GEO,"Inflation, consumer prices (annual %)",FP.CPI.TOTL.ZG,4.64604442058634,5.58783730000794,0.837734531536568,5.65632636191132,8.24709043114158,9.16096508394497,9.24489745592404,9.99948761552747,1.7275146113791,7.11017897486099,8.5429333333333,-0.943658853270964,-0.512058410947092,3.06881210379543,4.00357820695097,2.13492713939121,6.03531725272117,2.6152447139767,4.85289821696723,5.2024648897534,9.56691433824769,11.8981654203198,2.48776056578715,1.10971758022096,..
Georgia,GEO,GDP per capita (current US$),NY.GDP.PCAP.CD,801.98383707929,853.526171868939,1010.03151630868,1305.04748557208,1642.78359414797,1996.02013272284,2635.36650276116,3324.7537205015,2822.68939668797,3281.72930937343,4119.66818307193,4530.69533409431,4712.00229382665,4830.33486170249,4086.6223465965,4143.40125686315,4418.75206546679,4804.0546040444,4741.2832715876,4300.85701291207,5083.60695484577,6729.84659930283,8283.66960652261,9241.49122313713,..
Georgia,GEO,"Unemployment, total (% of total labor force) (national estimate)",SL.UEM.TOTL.NE.ZS,11.16,12.59,11.51,12.62,13.81,13.57,13.28,17.87,20.71,20.203,19.632,19.653,19.416,17.439,16.506,16.604,13.939,12.667,11.565,11.734,11.83,10.198,9.59,8.014,..
India,IND,Gini index,SI.POV.GINI,..,..,..,27.7,..,..,..,..,27.8,..,28.8,..,..,..,..,..,..,..,..,..,..,25.5,..,..,..
India,IND,"Inflation, consumer prices (annual %)",FP.CPI.TOTL.ZG,3.77929312235637,4.29715203929563,3.80585899528851,3.76725173477515,4.24634362031922,5.79652337561634,6.37288135593231,8.34926704907581,10.8823529411764,11.9893899204244,8.91179336483371,9.47899691419801,10.0178784746102,6.66565671867899,4.90697344127256,4.94821634062141,3.32817337461298,3.9388264669163,3.72950573539129,6.62343677628535,5.13140747176369,6.69903414079852,5.64914318907925,4.95303550973656,..
India,IND,GDP per capita (current US$),NY.GDP.PCAP.CD,450.357900514128,469.149928973927,544.143133545002,624.258826510066,710.488080408949,801.668353659022,1021.88707706826,992.519584923828,1094.94974598436,1347.51939071367,1445.46127486037,1429.32199520032,1432.84397512195,1553.88396075118,1583.99815907985,1707.50892912243,1950.10468280866,1966.25455171679,2041.42863698585,1907.04251637669,2239.61384367482,2347.44829434623,2530.12031278204,2694.73780859961,..
India,IND,"Unemployment, total (% of total labor force) (national estimate)",SL.UEM.TOTL.NE.ZS,..,..,..,..,3.804,..,..,..,..,3.115,..,3.222,..,..,..,..,..,7.652,6.51,7.859,6.38,4.822,4.172,4.173,..
Indonesia,IDN,Gini index,SI.POV.GINI,31.2,30.2,29.3,30.4,29.9,31.5,33.2,32.6,33.4,34.6,37.9,37.1,38.9,38.8,38.2,36.9,36.4,36.3,35.4,35.3,35.5,35.5,36.1,34.9,..
Indonesia,IDN,"Inflation, consumer prices (annual %)",FP.CPI.TOTL.ZG,11.5001160550887,11.9001200338414,6.75731256333564,6.06406189133648,10.4532001873347,13.108670985346,6.40656087966005,10.2266663272483,4.38641311792074,5.13420639015885,5.35604849112582,4.2795142691943,6.41249457900391,6.39492882396559,6.36312061196646,3.52580452815451,3.80879857691949,3.19834755924996,3.03058460941661,1.91983527270793,1.56007882983334,4.20946463714784,3.66938654859761,2.18151273615189,..
Indonesia,IDN,GDP per capita (current US$),NY.GDP.PCAP.CD,732.307093405708,881.002913569131,1043.2105838671,1126.84004447173,1238.21447629488,1558.31562847163,1823.21976255073,2124.55483920618,2218.48541852977,3065.68348377765,3579.46442466152,3632.27254030331,3566.60284506078,3441.06808464008,3288.22269725538,3521.46943457574,3798.88326174526,3860.95353090726,4106.94856160358,3853.70288774146,4287.17313995098,4730.83484836107,4876.30774512252,4925.43048751861,..
Indonesia,IDN,"Unemployment, total (% of total labor force) (national estimate)",SL.UEM.TOTL.NE.ZS,6.082,6.604,6.657,7.303,7.945,7.551,8.06,7.208,6.106,5.614,5.153,4.468,4.336,4.049,4.514,4.301,3.783,4.387,3.59,4.255,3.827,3.462,3.308,..,..
Iraq,IRQ,Gini index,SI.POV.GINI,..,..,..,..,..,28.6,..,..,..,..,..,29.5,..,..,..,..,..,..,..,..,..,..,29.8,..,..
Iraq,IRQ,"Inflation, consumer prices (annual %)",FP.CPI.TOTL.ZG,16.3740814963262,19.316694601979,33.6162105992383,26.9619068193272,36.9594809201871,53.230962911428,-10.0674925768978,12.6628528269228,6.8736154721255,2.8777472527476,5.801455370853,6.08909641595043,1.87949800749469,2.23597407904679,1.39333028780309,0.556521397155511,0.18405889884769,0.367441488936849,-0.198965380023928,0.574162679425795,6.04186489058044,4.99476596381044,4.35835351089586,-12.2969837587007,..
Iraq,IRQ,GDP per capita (current US$),NY.GDP.PCAP.CD,1435.695683789,1266.15961275094,817.887862499622,1328.37157628292,1762.39360423421,2276.55435744086,3128.99010329066,4542.96609046032,3714.71205987194,4461.75196161555,5775.54229080293,6477.59618450955,6650.35282247395,6249.39226978969,4440.14189252367,4334.42096404188,4759.2846435467,5646.68932074742,5671.8568632942,4295.18945121228,4868.49431080783,6520.73154560584,5965.31835077761,6073.61032342708,..
Iraq,IRQ,"Unemployment, total (% of total labor force) (national estimate)",SL.UEM.TOTL.NE.ZS,..,..,..,..,..,..,8.646,..,..,..,..,7.965,..,10.59,..,10.82,13.02,..,..,..,16.173,..,..,..,..
"Iran, Islamic Rep.",IRN,Gini index,SI.POV.GINI,..,..,..,..,43.6,44.8,..,..,42.1,..,34.7,34.4,34,34.8,35.3,35.9,36.7,37.4,36.5,35.8,35.5,34.8,35.9,..,..
"Iran, Islamic Rep.",IRN,"Inflation, consumer prices (annual %)",FP.CPI.TOTL.ZG,11.2742471332117,14.3359337378404,16.4680116244792,14.7615086970672,13.433118008508,10.0158982511924,17.3410404624277,25.4105090311987,13.5515548281506,10.0893629287979,26.2933856738608,27.2568127242908,36.6030355191029,16.6065532357449,12.4846815611533,7.24542548952979,8.04492437660278,18.0141183371874,39.9073455697784,30.5941390387295,43.3890162681514,43.4884641742179,44.5791857572797,32.455871402917,..
"Iran, Islamic Rep.",IRN,GDP per capita (current US$),NY.GDP.PCAP.CD,1881.02266635283,1891.25756091033,2208.99636552406,2672.4226651404,3132.0508192007,3618.91601364428,4687.99166260718,5377.4115072957,5415.52280553446,6291.19443655454,8025.68743364356,8114.08099831877,6222.74194840326,5672.06372896319,4952.73355532178,5710.59947089104,6000.93346404409,4783.01067340237,3997.4935449585,3202.50003502169,4605.14881318992,4721.20437099984,5049.29931642754,5190.16959024821,..
"Iran, Islamic Rep.",IRN,"Unemployment, total (% of total labor force) (national estimate)",SL.UEM.TOTL.NE.ZS,..,12.8,..,10.3,11.813,11.519,10.772,10.63,12.113,13.679,12.491,12.275,10.595,10.68,11.166,12.618,12.232,12.195,10.74,9.687,9.282,9.085,8.129,7.631,..
Israel,ISR,Gini index,SI.POV.GINI,38.9,39.6,40.7,41.5,42.3,41.6,41.1,41.6,42.6,42.6,41.4,41.3,39.9,39.8,39.7,39,38.2,38.6,38.3,37.8,37.9,..,..,..,..
Israel,ISR,"Inflation, consumer prices (annual %)",FP.CPI.TOTL.ZG,1.12302839116721,5.80234589468429,0.70763061681807,-0.421595034547416,1.34070328119492,2.05407914587443,0.466226972936065,4.52744765138651,3.3676231727125,2.70270270270273,3.48837209302323,1.67553715750052,1.58976347421476,0.467557251908503,-0.617342577642765,-0.535168195718695,0.249807840123008,0.805060379528526,0.817645940292794,-0.575254620897756,1.47965474722561,4.41162725488371,4.22522603168918,3.07480889805025,..
Israel,ISR,GDP per capita (current US$),NY.GDP.PCAP.CD,20966.3052667971,19076.4584298321,19643.4690380742,20568.0694088834,21286.8388636595,22527.2619795719,25721.2594077311,30269.217773489,28508.4938886475,31439.0887027614,34522.5215979073,33321.4300881602,37034.3161080785,38343.3046626235,36213.1041481958,37671.5389138798,41138.470964272,42362.6652754196,44250.6313628073,44575.5719045492,52270.9040241956,54949.621556429,52003.7200729997,54176.6844383302,..
Israel,ISR,"Unemployment, total (% of total labor force) (national estimate)",SL.UEM.TOTL.NE.ZS,9.362,10.304,10.72,10.368,8.993,8.404,7.319,6.101,7.545,6.637,5.603,6.762,6.137,5.789,5.176,4.723,4.14,3.917,3.731,4.169,4.812,3.695,3.371,2.901,..
Japan,JPN,Gini index,SI.POV.GINI,..,..,..,..,..,..,..,34.6,33,31.5,33,32.5,31.5,31.3,30.7,31.8,31.8,32.9,33,32.3,..,..,..,..,..
Japan,JPN,"Inflation, consumer prices (annual %)",FP.CPI.TOTL.ZG,-0.740055504162738,-0.923494026942321,-0.256541816316025,-0.00857338820310272,-0.282946068764391,0.249355116079085,0.060039454498669,1.3800788616492,-1.35283672951719,-0.728243207517779,-0.27245561610124,-0.0440645104432602,0.335037912184741,2.75922671353253,0.795279630579839,-0.127258844489754,0.484199796126385,0.989094598021848,0.46877615938395,-0.024995834027731,-0.233352779398264,2.49770278172255,3.26813365933163,2.73853681635241,..
Japan,JPN,GDP per capita (current US$),NY.GDP.PCAP.CD,34406.1824638092,32820.7936433254,35387.0374203599,38298.9801712303,37812.8950199948,35991.546002862,35779.0245416427,39876.3039685725,41308.9968370512,44968.1562349739,48760.0789494211,49145.2804308193,40898.6478964744,38475.3952461838,34960.6393843385,39375.4731620781,38834.0529341227,39751.1330982711,40415.9567649547,40028.7341726762,40094.5599795288,34065.6438962526,33836.1756271617,32487.0778047567,..
Japan,JPN,"Unemployment, total (% of total labor force) (national estimate)",SL.UEM.TOTL.NE.ZS,5.02,5.386,5.251,4.734,4.446,4.192,3.888,4.002,5.068,5.102,4.55,4.358,4.038,3.589,3.385,3.132,2.822,2.467,2.351,2.809,2.808,2.614,2.574,2.535,..
Jordan,JOR,Gini index,SI.POV.GINI,..,37,..,..,..,33.9,..,32.6,..,33.7,..,..,..,..,..,..,..,..,..,..,..,..,..,..,..
Jordan,JOR,"Inflation, consumer prices (annual %)",FP.CPI.TOTL.ZG,1.77220437351017,1.83299389002049,1.62999999999998,3.36186821476601,3.49368534619531,6.25172466656443,4.74390639021648,13.9712310012729,-0.739069743144777,4.84551875852116,4.1624416292779,4.5152295667099,4.82462314269537,2.89947905006057,-0.876851359704049,-0.778430463054142,3.32389447576097,4.46231108475481,0.761514047265601,0.333294350628378,1.34609377243118,4.22915568897117,2.08486986327134,1.55659611283953,..
Jordan,JOR,GDP per capita (current US$),NY.GDP.PCAP.CD,1632.29454010563,1706.26744384401,1775.67625581432,1940.08641342805,2087.87079273635,2342.63459574933,2506.20599484139,3241.6524135556,3435.8337590698,3718.46571622945,3946.85503855525,4169.50470054618,4311.21916713038,4191.18050084986,4042.75678097555,3986.71677010853,4065.61628749384,4145.43989673265,4170.1144003465,4022.0401356135,4183.49998326866,4332.25159897931,4466.08314208575,4618.09592498567,..
Jordan,JOR,"Unemployment, total (% of total labor force) (national estimate)",SL.UEM.TOTL.NE.ZS,14.7,15.3,14.5,..,14.8,14,13.1,12.7,12.9,12.5,12.9,12.2,12.6,11.9,13.075,15.275,18.12,18.257,16.801,19.213,19.837,18.2,16.62,..,..
Kazakhstan,KAZ,Gini index,SI.POV.GINI,36,34.8,33.7,31.8,39.8,30.2,30.1,28.5,28.2,28,28,28.2,27.1,27,26.8,27.2,27.5,27.8,28,28.7,29.2,..,..,..,..
Kazakhstan,KAZ,"Inflation, consumer prices (annual %)",FP.CPI.TOTL.ZG,8.35413777161341,5.83692452105646,6.43821810118941,6.88205438981896,7.57999929125767,8.72169386091742,10.8468362075556,17.139899777207,7.31607858288579,7.40046356341397,8.452904661768,5.19568369035063,5.94283871648418,6.84944977003349,6.67828585615244,14.3610942386248,7.44266321306792,6.16366247577757,5.33356098916675,6.71815454861464,8.04147134028391,15.0278644440851,14.7249900200331,8.83943897452672,..
Kazakhstan,KAZ,GDP per capita (current US$),NY.GDP.PCAP.CD,1422.27331810957,1573.55219932325,1958.02050246511,2722.47407755402,3577.35804001782,5030.13494711519,6449.43931096532,8123.54705891736,6938.01175663001,8793.07589980782,11287.1464926039,12018.7966527993,13478.459627612,12427.7094576939,10196.1226255982,7475.56688689424,8943.08416791984,9472.48527327758,9457.12614657136,8781.50797787648,9983.60103576902,11255.3396437881,12879.4275257974,14154.6324958076,..
Kazakhstan,KAZ,"Unemployment, total (% of total labor force) (national estimate)",SL.UEM.TOTL.NE.ZS,10.43,9.33,8.78,8.4,8.13,7.79,7.26,6.63,6.55,5.77,5.39,5.29,5.2,5.06,4.93,4.96,4.9,4.85,4.8,4.89,..,4.86,..,..,..
Kuwait,KWT,Gini index,SI.POV.GINI,..,..,..,..,..,..,..,..,..,..,..,..,..,..,..,..,..,..,..,..,..,..,..,..,..
Kuwait,KWT,"Inflation, consumer prices (annual %)",FP.CPI.TOTL.ZG,1.29999999999999,0.888450148074907,0.961350293542112,1.24856443679889,4.14297583631023,3.05701339166722,5.48494983277596,10.5827097865144,4.60959548447787,4.49640287769787,4.8394034987095,3.25514600287211,2.68229684085039,2.90892672858625,3.27170166092133,3.19839776658374,2.17183298510006,0.543133148199567,1.09184802655856,2.101729548274,3.42362947609188,3.98064961990313,3.64216403030709,2.89855072463762,..
Kuwait,KWT,GDP per capita (current US$),NY.GDP.PCAP.CD,17374.2318664227,18512.7523035862,22690.655175144,27552.2827399787,36122.6142741227,42946.6374104066,45709.4132876371,55585.1889344442,37907.1001320042,39212.252220155,49169.6063813095,52155.2225833921,49651.0439275077,44368.7813457751,29882.2126495698,27323.6890735517,29047.6536135703,32067.9623756889,31707.8737443551,25236.0755848941,34018.6342592913,39981.7691035833,34075.849012909,32717.7186631255,..
Kuwait,KWT,"Unemployment, total (% of total labor force) (national estimate)",SL.UEM.TOTL.NE.ZS,0.8,1.1,1.3,1.7,1.95,1.3,1.5,1.75,1.64,1.82,..,..,..,2.9,2.2,2.16,..,..,..,..,..,..,..,..,..
Lao PDR,LAO,Gini index,SI.POV.GINI,..,32.6,..,..,..,..,35.4,..,..,..,..,36,..,..,..,..,..,38.8,..,..,..,..,..,..,..
Lao PDR,LAO,"Inflation, consumer prices (annual %)",FP.CPI.TOTL.ZG,7.81180794783471,10.6313446323333,15.4893529233525,10.4622667314208,7.16541759946639,6.54559439052787,4.66197269469701,7.62880887577516,0.141187674980385,5.98254521550082,7.5689885610998,4.2551267783209,6.37142717782947,4.12924306873771,1.27735427102992,1.59691227583204,0.825478607568026,2.04039266890201,3.32255881256925,5.10407262959919,3.75562036658877,22.9562225132056,31.2301341732646,23.1305695942588,..
Lao PDR,LAO,GDP per capita (current US$),NY.GDP.PCAP.CD,320.316005439568,313.350817148131,355.097216151461,409.296298284117,466.061506997741,579.391947440719,697.323013673925,885.747376088762,935.03237283283,1125.91610151261,1361.54704394913,1563.5650771337,1812.51774424651,1981.03910900473,2121.01339097363,2303.22156035363,2432.43059478511,2545.1075420815,2589.32081035237,2583.77730696131,2526.05105018529,2046.40440255621,2066.94979776957,2123.97909415109,..
Lao PDR,LAO,"Unemployment, total (% of total labor force) (national estimate)",SL.UEM.TOTL.NE.ZS,..,..,..,..,1.35,..,..,..,..,0.708,..,..,..,..,2.006,..,3.268,..,..,..,..,1.209,..,..,..
Kyrgyz Republic,KGZ,Gini index,SI.POV.GINI,30.2,30.3,28.7,34.8,32.6,37.4,33.9,31.5,29.9,30.1,27.8,27.4,28.8,26.8,29,26.8,27.3,27.7,29.7,29,28.8,26.4,27.2,..,..
Kyrgyz Republic,KGZ,"Inflation, consumer prices (annual %)",FP.CPI.TOTL.ZG,6.9196798942304,2.13420986310243,2.97461295184355,4.11065084723381,4.3386739184431,5.55212333162542,10.2301032660484,24.5201024234102,6.83656248105368,7.96772225579684,16.6363262731495,2.76844236540957,6.61375202358082,7.5342472977589,6.50331838993384,0.388838296895799,3.1753098637994,1.54266145238436,1.13362257718804,6.32542296338078,11.9050398185147,13.9229093174176,10.7532770416742,..,..
Kyrgyz Republic,KGZ,GDP per capita (current US$),NY.GDP.PCAP.CD,308.41129550148,321.726775366804,380.505828812441,433.233873286,476.548193640077,543.113512472219,721.771577544361,966.388569370494,870.198894546917,876.954476440354,1117.40174350185,1168.62244675446,1269.66303464348,1264.52668823891,1105.65193844261,1103.27489428412,1221.39046807082,1283.5203037417,1421.99927504102,1229.51766602907,1349.99730650542,1739.72018344174,2138.22210211478,2420.18542283831,..
Kyrgyz Republic,KGZ,"Unemployment, total (% of total labor force) (national estimate)",SL.UEM.TOTL.NE.ZS,7.84,12.55,9.92,8.53,8.11,8.27,8.1,8.22,8.41,8.692,7.455,5.908,5.526,5.051,4.2,4.009,3.319,4.559,5.45,5.945,5.149,4.767,3.498,..,..
Lebanon,LBN,Gini index,SI.POV.GINI,..,..,..,..,..,..,..,..,..,..,31.8,..,..,..,..,..,..,..,..,..,..,35.3,..,..,..
Lebanon,LBN,"Inflation, consumer prices (annual %)",FP.CPI.TOTL.ZG,..,..,..,..,..,..,..,..,1.19509671165543,3.98347941855833,4.97148571692384,6.58147447683677,4.82101956297399,1.8546042134091,-3.74914524799629,-0.783359624361508,4.32135218303191,6.07698907889607,3.00538949390383,84.8643330472041,154.756096023393,171.205491336641,221.341644023365,45.2430422716718,..
Lebanon,LBN,GDP per capita (current US$),NY.GDP.PCAP.CD,4009.55929751102,4290.85283803266,4437.71588507526,4600.68371412993,4602.19804637945,4635.2514117486,5125.25809960149,5912.04532820842,7090.85493856621,7625.81051551165,7834.96257108993,8406.98405608118,8162.37929361396,7577.6413302369,7714.1099998804,8089.012088155,8608.21084982387,9174.53666204759,8905.88005497437,5561.19166950397,4045.37391066234,3654.35845534878,3477.72489842684,..,..
Lebanon,LBN,"Unemployment, total (% of total labor force) (national estimate)",SL.UEM.TOTL.NE.ZS,..,..,..,7.85,..,..,8.98,..,6.355,..,..,..,..,..,..,..,..,..,11.301,..,..,..,..,..,..
Maldives,MDV,Gini index,SI.POV.GINI,..,41.3,..,..,..,..,..,..,38.4,..,..,..,..,..,..,31.3,..,..,29.3,..,..,..,..,..,..
Maldives,MDV,"Inflation, consumer prices (annual %)",FP.CPI.TOTL.ZG,0.67257737006247,4.1786723990479,-1.26065113450354,-1.68541212459466,1.30027500930997,2.73842131602099,6.79477353930168,12.0414583505108,4.53017659132801,6.14988536750173,11.2734146055937,10.884695658563,3.8056300091943,2.12000175718134,0.953206658777607,0.502509413611612,2.81747338234509,-0.133373386117595,0.220029731065383,-1.36977425569811,0.543149688737013,2.33314337624567,2.92746542425035,1.39979779674928,..
Maldives,MDV,GDP per capita (current US$),NY.GDP.PCAP.CD,3033.93234507036,3076.07007160101,3548.5767011056,4070.2609459446,3796.51546524644,5018.94335409159,5758.10286933053,6757.43280929292,6734.03165601895,7173.59601844692,7424.520410971,7461.29703686309,8236.08177944126,8939.07416571472,9644.90655028145,9947.80744731739,10509.628805812,11423.2838427029,11740.2724029785,7393.8886543933,10176.143882547,11786.0191492983,12587.6126038651,13379.3513577224,..
Maldives,MDV,"Unemployment, total (% of total labor force) (national estimate)",SL.UEM.TOTL.NE.ZS,..,..,..,..,..,..,..,..,11.697,..,..,..,..,3.846,..,5.771,..,..,4.562,..,..,..,..,..,..
Malaysia,MYS,Gini index,SI.POV.GINI,..,..,46.4,..,..,44.8,..,45.5,..,..,43.9,..,41.3,..,41.1,..,..,41.2,..,..,40.7,..,..,..,..
Malaysia,MYS,"Inflation, consumer prices (annual %)",FP.CPI.TOTL.ZG,1.41678473206098,1.80787246281536,1.08967632577286,1.42127115937402,2.97507092684449,3.60923564224389,2.02735317779569,5.44078221100769,0.583308405623702,1.62285235577035,3.1744709215131,1.66357102479206,2.10501231233612,3.14299050879095,2.10438980238359,2.09056659525742,3.87120115774237,0.884709160571235,0.662891865764326,-1.1387021539305,2.47710241465447,3.37869862549928,2.48886560125754,1.834100204499,..
Malaysia,MYS,GDP per capita (current US$),NY.GDP.PCAP.CD,3943.79943910239,4184.03163773539,4465.32194567208,4939.24851854427,5555.58179951206,6158.40785533236,7168.93031942508,8371.82156086005,7191.43287234626,8899.34505544675,10217.1068585031,10600.5744240026,10713.6407638899,11013.3107334403,9648.6797937523,9476.53409809923,9862.54806612235,10901.8019954421,10920.191763972,9957.52626697613,10903.1037480772,11754.5678336248,11386.0395636528,11874.4273684245,..
Malaysia,MYS,"Unemployment, total (% of total labor force) (national estimate)",SL.UEM.TOTL.NE.ZS,3.53,3.48,3.61,3.54,3.53,..,3.31,3.34,3.62,3.32,3.05,3.04,3.14,2.88,3.1,3.44,3.41,3.3,3.33,4.54,4.64,3.93,..,..,..
Mongolia,MNG,Gini index,SI.POV.GINI,..,32.9,..,..,..,..,35.8,..,..,33.1,33.9,33.8,..,32,..,32.3,..,32.7,..,..,..,31.4,..,..,..
Mongolia,MNG,"Inflation, consumer prices (annual %)",FP.CPI.TOTL.ZG,6.27736020484006,0.91707468718427,5.12899499422419,8.24115449417619,12.7165674066053,5.09516661663157,9.63096309630964,27.9556650246306,7.6195059351941,10.0462065881651,8.41121495327101,14.3303348325838,10.4906567588241,12.2539808129759,5.73568281938327,0.733272227314397,4.30143105302342,6.82424790145522,7.30106953550729,3.7237230614026,7.35894657888155,15.1509728200805,10.347583131434,6.20713301510303,..
Mongolia,MNG,GDP per capita (current US$),NY.GDP.PCAP.CD,524.453483552485,570.249213248399,643.168068921658,794.154552001815,994.90010913241,1329.89179579053,1627.68787743359,2127.42678594737,1703.32756790019,2625.21881402433,3736.04201455077,4328.89001905655,4340.14310544449,4126.23975800524,3838.92126989984,3619.90026383792,3645.96708669551,4107.64288528468,4347.54610314873,4001.25193077703,4517.61578018785,4993.51487463495,5838.63108083902,6750.6301157724,..
Mongolia,MNG,"Unemployment, total (% of total labor force) (national estimate)",SL.UEM.TOTL.NE.ZS,..,6.2,6.768,..,..,7.193,7.2,5.565,5.86,6.549,4.769,3.905,4.231,4.798,4.861,7.235,6.359,5.377,9.024,6.413,7.871,5.954,5.178,5.812,..
Myanmar,MMR,Gini index,SI.POV.GINI,..,..,..,..,..,..,..,..,..,..,..,..,..,..,38.1,..,30.7,..,..,..,..,..,..,..,..
Myanmar,MMR,"Inflation, consumer prices (annual %)",FP.CPI.TOTL.ZG,21.101305376923,57.0745112621703,36.5897175323924,4.53421374129692,9.36861814196704,19.9964873359214,35.0245970717698,26.7995371934022,1.47234311385647,7.71838195873614,5.0214601462073,1.46758322674679,5.64303883425501,4.953299184844,9.45417189526018,6.92882525816076,4.5725365531752,6.87232865662935,8.82506696804558,..,..,..,..,..,..
Myanmar,MMR,GDP per capita (current US$),NY.GDP.PCAP.CD,141.525660705722,146.598390364449,224.292688912409,224.508811413327,252.685193060728,303.495087119254,419.375780725042,658.442487229705,758.442935789255,1010.53417343401,1213.62898703376,1202.6658960055,1199.09561597055,1293.00042319714,1166.73305547935,1229.19713491328,1272.82241815234,1298.21310327675,1425.98954241668,1490.21683599469,1242.7213439951,1158.05005055976,1233.19666209269,1359.05001560107,..
Myanmar,MMR,"Unemployment, total (% of total labor force) (national estimate)",SL.UEM.TOTL.NE.ZS,..,..,..,..,..,..,..,..,..,..,..,..,..,3.868,0.766,..,1.356,0.767,0.407,1.476,..,..,..,..,..
Nepal,NPL,Gini index,SI.POV.GINI,..,..,43.8,..,..,..,..,..,..,32.8,..,..,..,..,..,..,..,..,..,..,..,30,..,..,..
Nepal,NPL,"Inflation, consumer prices (annual %)",FP.CPI.TOTL.ZG,2.6883037354563,3.02939948714892,5.70700931874738,2.8418113124898,6.83633265892877,6.92033580707589,2.26921924439074,9.9078300530648,11.0948237386987,9.32650410745395,9.2270754612596,9.45980980357125,9.04016311917645,8.36415469659563,7.86890895590891,8.7903433200464,2.77703998300211,4.40659410175714,5.56616035243723,5.05635826238499,4.12676744440695,7.6702057938028,7.11587261530826,4.6850965426577,..
Nepal,NPL,GDP per capita (current US$),NY.GDP.PCAP.CD,240.795114544664,238.89140296106,246.429706587633,279.587750044428,309.024168339372,340.431796437968,385.449767660642,464.817391891529,473.078751198621,585.278491984574,785.518656222132,788.202937148377,803.269595420477,821.455224911731,875.543635474862,877.256454696737,1034.28374906846,1179.19843190389,1203.14294706401,1154.21517578318,1252.75076731986,1385.91066274851,1382.33055769304,1447.31004458428,..
Nepal,NPL,"Unemployment, total (% of total labor force) (national estimate)",SL.UEM.TOTL.NE.ZS,..,..,..,..,..,..,..,1.378,..,..,..,..,..,..,3.1,..,10.66,..,..,..,..,..,..,..,..
"Korea, Dem. People's Rep.",PRK,Gini index,SI.POV.GINI,..,..,..,..,..,..,..,..,..,..,..,..,..,..,..,..,..,..,..,..,..,..,..,..,..
"Korea, Dem. People's Rep.",PRK,"Inflation, consumer prices (annual %)",FP.CPI.TOTL.ZG,..,..,..,..,..,..,..,..,..,..,..,..,..,..,..,..,..,..,..,..,..,..,..,..,..
"Korea, Dem. People's Rep.",PRK,GDP per capita (current US$),NY.GDP.PCAP.CD,..,..,..,..,..,..,..,..,..,..,..,..,..,..,..,..,..,..,..,..,..,..,..,..,..
"Korea, Dem. People's Rep.",PRK,"Unemployment, total (% of total labor force) (national estimate)",SL.UEM.TOTL.NE.ZS,..,..,..,..,..,..,..,..,..,..,..,..,..,..,..,..,..,..,..,..,..,..,..,..,..
"Korea, Rep.",KOR,Gini index,SI.POV.GINI,..,..,..,..,..,31.7,..,32.3,..,32,..,31.6,..,31.2,..,35.2,34.9,33.7,33.2,32.7,32.9,..,..,..,..
"Korea, Rep.",KOR,"Inflation, consumer prices (annual %)",FP.CPI.TOTL.ZG,4.06657587897792,2.76226210296599,3.51487451459939,3.59066298882578,2.75379162735039,2.24234028518921,2.53457382137932,4.67389655533408,2.7564965449393,2.93928652655686,4.0259650043609,2.18707104433314,1.30134754547413,1.27477446401322,0.70633177245575,0.971685739912168,1.94433230786366,1.47583935002645,0.383000303608136,0.537288023411737,2.49833333333339,5.08951365062842,3.5974562502901,2.32174328643542,..
"Korea, Rep.",KOR,GDP per capita (current US$),NY.GDP.PCAP.CD,11981.4828218758,13642.9424537101,15211.5483770422,17121.6301633201,20167.0474902506,22609.7059431449,25078.4853957105,22252.3125108061,19937.3029137734,24071.2620526362,26175.2398553363,26600.5477433903,28449.3591104972,30667.0912467447,30171.7906545222,30832.0628072516,33296.9845439195,35363.9508228687,33826.9443301597,33645.7719545073,37518.4635305697,34822.4048404971,35674.095995632,36238.639908315,..
"Korea, Rep.",KOR,"Unemployment, total (% of total labor force) (national estimate)",SL.UEM.TOTL.NE.ZS,3.699,3.046,3.348,3.42,3.482,3.254,3.013,2.959,3.363,3.324,2.992,2.812,3.067,3.082,3.546,3.65,3.653,3.824,3.746,3.931,3.639,2.857,2.675,2.784,..
Oman,OMN,Gini index,SI.POV.GINI,..,..,..,..,..,..,..,..,..,..,..,..,..,..,..,..,..,..,..,..,..,..,..,..,..
Oman,OMN,"Inflation, consumer prices (annual %)",FP.CPI.TOTL.ZG,-0.816666666666656,-0.279578822571373,0.231328682267143,0.624969062631367,1.90983553531865,3.54498591605033,5.8304841809271,12.3754091529912,3.46881023754893,3.25657959078624,4.0421886711639,2.94773495257209,1.05354820265932,1.01401483924156,0.0652901330286599,1.10920805807027,1.58909413567799,0.889312370970404,0.490815362820671,-0.40640291946585,1.68221185876085,2.5061425061425,0.950782997762827,0.593589236248469,..
Oman,OMN,GDP per capita (current US$),NY.GDP.PCAP.CD,9611.96360191054,9869.13050219438,10463.5425832141,11800.8507411171,14434.8577924647,16930.8565071853,18792.653772482,26576.779241509,20655.9180249218,23570.1798147325,25188.0074151885,24642.2978768596,23458.0233840053,23160.6502252547,18808.3077921839,17110.1897460545,17820.0661809335,19901.7615642016,19180.1864152801,16784.8630630058,19403.4600160211,23223.5829405935,21027.7384778886,20285.2272897377,..
Oman,OMN,"Unemployment, total (% of total labor force) (national estimate)",SL.UEM.TOTL.NE.ZS,..,..,..,..,..,..,..,4.142,..,..,..,..,..,..,..,3.266,..,1.8,..,2.94,1.9,3.3,3.2,3.3,..
Pakistan,PAK,Gini index,SI.POV.GINI,28.7,..,..,30.9,31.3,..,29.7,..,..,28.8,29.7,..,29.5,..,31.3,..,..,29.6,..,..,..,..,..,..,..
Pakistan,PAK,"Inflation, consumer prices (annual %)",FP.CPI.TOTL.ZG,3.14826144590618,3.29034472613153,2.91413470059479,7.44462469342739,9.06332737030417,7.92108440058789,7.59868441050774,20.2861210929554,13.6477650639761,12.9388705634889,11.9160927116277,9.68235186055684,7.69215611899565,7.18938402847028,2.52932817254229,3.7651191635658,4.08537368032608,5.07805725868917,10.5783618004555,9.73999313898155,9.49621056124947,19.8738599646655,30.7681280657005,12.6325318530452,..
Pakistan,PAK,GDP per capita (current US$),NY.GDP.PCAP.CD,609.939506905073,599.937345723927,672.44178669894,771.902247348954,827.619861189926,900.873564984808,998.090114197524,1067.04324565284,963.788066395225,987.304571124485,1131.73513834324,1204.36475491585,1225.4340119198,1266.61340849959,1380.47020838317,1424.69161195897,1519.23459514248,1569.33814626355,1390.41690981745,1278.39735206896,1455.31922370186,1538.3228133171,1360.32417758419,1478.77277977996,..
Pakistan,PAK,"Unemployment, total (% of total labor force) (national estimate)",SL.UEM.TOTL.NE.ZS,6.88,7.83,7.49,7.4,7.05,0.582,0.398,0.423,0.535,0.653,0.796,3.667,2.954,1.827,3.566,2.285,..,4.083,4.83,6.74,6.338,..,..,..,6.957
Philippines,PHL,Gini index,SI.POV.GINI,..,..,46.6,..,..,47.2,..,..,46.3,..,..,46.5,..,..,44.6,..,..,42.3,..,..,40.7,..,39.3,..,..
Philippines,PHL,"Inflation, consumer prices (annual %)",FP.CPI.TOTL.ZG,5.34550195567142,2.72277227722765,2.28915662650607,4.82921083627795,6.51685393258433,5.4852320675105,2.90000000000003,8.26044703595725,4.21903052064628,3.78983634797591,4.7184170471842,3.02696391124796,2.58268766141795,3.59782343864211,0.674192536845408,1.25369880080982,2.85318772590947,5.30934661627707,2.39206534422404,2.3931623931624,3.92718022100332,5.82115811213955,5.97802515541409,3.21260487006347,..
Philippines,PHL,GDP per capita (current US$),NY.GDP.PCAP.CD,969.530611744453,1014.90879320106,1027.2301192843,1099.63013023758,1220.46018559867,1426.14649179546,1712.65543282793,1959.29233534978,1864.45043406471,2162.91375885614,2383.91892522087,2614.61644401308,2781.27957677397,2866.83803761407,2909.85818010301,2985.19564024046,3038.12124959289,3168.51036609727,3400.78949767074,3227.57910235199,3484.38593882819,3548.06930572116,3804.08274131097,3984.8315387656,..
Philippines,PHL,"Unemployment, total (% of total labor force) (national estimate)",SL.UEM.TOTL.NE.ZS,3.698,..,3.527,3.554,3.795,4.052,3.434,3.72,3.858,3.605,3.592,3.504,3.497,3.6,3.068,2.695,2.552,2.338,2.237,2.522,3.398,2.598,2.409,..,..
Qatar,QAT,Gini index,SI.POV.GINI,..,..,..,..,..,..,..,..,..,..,..,..,..,..,..,..,35.1,..,..,..,..,..,..,..,..
Qatar,QAT,"Inflation, consumer prices (annual %)",FP.CPI.TOTL.ZG,1.47133434804683,0.239999999999952,2.26456504389469,6.79933665008279,8.81439532334683,11.8358096197431,13.7581625759964,15.0501451570333,-4.86327801622565,-2.42525675161714,1.13836623529202,2.31534853431661,3.22197756829293,3.34972085659523,1.8140772393776,2.6765917009819,0.394878914083005,0.255815382724408,-0.666641124861147,-2.5403150300476,2.30446565742003,4.99527553740761,3.02764899198902,1.26734310292375,..
Qatar,QAT,GDP per capita (current US$),NY.GDP.PCAP.CD,25870.7991864314,27226.6593510117,31602.470865136,41035.5008380177,53949.6764091147,62582.4453138755,65954.3419525051,80781.4039187792,60785.7351551657,76462.6119486736,103261.510293068,108470.387023229,103697.062789144,95840.6898934238,68985.2433380102,61253.6217997091,63279.8767486216,71039.9308240078,66841.3623185691,51683.5681078949,71751.9363398856,88701.4689763536,81816.9797967481,76688.6941743178,..
Qatar,QAT,"Unemployment, total (% of total labor force) (national estimate)",SL.UEM.TOTL.NE.ZS,..,..,..,1.48,..,0.87,0.52,0.31,0.31,0.45,0.56,0.48,0.28,0.2,0.17,0.15,0.14,0.11,0.1,0.14,0.14,0.13,..,..,..
Saudi Arabia,SAU,Gini index,SI.POV.GINI,..,..,..,..,..,..,..,..,..,..,..,..,..,..,..,..,..,..,..,..,..,..,..,..,..
Saudi Arabia,SAU,"Inflation, consumer prices (annual %)",FP.CPI.TOTL.ZG,-1.12094804896791,0.247186492339725,0.612195358172966,0.51550789776726,0.47923167163102,2.20902314069639,4.1678235843158,9.87024816760269,5.0572227614833,5.33941733020903,5.82621637394042,2.86627029905053,3.51104209799857,2.24185348779063,1.22269318552337,2.05347076823965,-0.834845735027246,2.46594308994843,-1.1929864453332,3.37234961012303,3.06328988941548,2.47407371925372,2.32708518362699,1.68792112375809,..
Saudi Arabia,SAU,GDP per capita (current US$),NY.GDP.PCAP.CD,10805.311325122,10586.0543471363,11487.220410693,13154.4978989446,15975.7473782258,17563.6145370639,18596.1502627898,22320.4888964331,17718.3911648365,22028.3901426586,27126.7498747702,28733.4375513452,27865.465604962,27805.4850319422,23256.1549553531,22267.7217050387,23929.2907135982,29360.0658968566,29566.7933827436,24338.8307301067,31920.7653655643,38510.2276211037,36156.848337701,35121.6628687742,..
Saudi Arabia,SAU,"Unemployment, total (% of total labor force) (national estimate)",SL.UEM.TOTL.NE.ZS,4.618,5.265,5.563,5.822,6.051,6.254,5.734,5.085,5.377,5.55,..,5.622,5.6,5.877,5.6,5.6,5.89,6.029,5.636,7.66,6.621,5.589,4.008,3.518,..
Singapore,SGP,Gini index,SI.POV.GINI,..,..,..,..,..,..,..,..,..,..,..,..,..,..,..,..,..,..,..,..,..,..,..,..,..
Singapore,SGP,"Inflation, consumer prices (annual %)",FP.CPI.TOTL.ZG,0.997197956155943,-0.391676866585049,0.507905300237551,1.66272719863072,0.425106276569107,0.965657519018511,2.10980166714574,6.63544058395309,0.589142019610516,2.82884527612958,5.25115624639373,4.58084479423094,2.36439793742726,1.03316955857629,-0.521975611895763,-0.529809760375464,0.576763191179996,0.438784215129623,0.567829988405447,-0.172111865925382,2.31610315765146,6.13095418919732,4.83372362825798,2.38951123595017,..
Singapore,SGP,GDP per capita (current US$),NY.GDP.PCAP.CD,21699.7414868907,22159.8373710639,23730.3840054566,27608.080013423,29961.3172812732,33768.4528234651,39432.8860198877,40008.5720489092,38926.8054365453,47236.683084953,53891.4570264372,55547.5553077786,56967.4257940383,57564.8023114977,55645.6068614606,57005.5887176547,61236.251270627,66881.6067035265,65952.0378959293,61410.0792630788,80056.1288247844,90299.0694637269,85412.230345235,90674.066632628,..
Singapore,SGP,"Unemployment, total (% of total labor force) (national estimate)",SL.UEM.TOTL.NE.ZS,3.76,5.65,5.93,5.84,5.59,4.48,3.9,3.96,5.86,4.12,3.89,3.72,3.86,3.74,3.79,4.08,4.2,..,3.1,4.1,4.64,3.591,3.444,2.737,..
Sri Lanka,LKA,Gini index,SI.POV.GINI,..,40.2,..,..,..,39.7,..,..,36.1,..,..,38.7,..,..,..,39.3,..,..,37.7,..,..,..,..,..,..
Sri Lanka,LKA,"Inflation, consumer prices (annual %)",FP.CPI.TOTL.ZG,14.15845579912,9.55103167007251,6.31463787051174,7.57592582995856,11.6396860971118,10.0201836057035,15.8421114924843,22.5644955300126,3.46496322106074,6.2176488930462,6.7167684358854,7.54291373239437,6.90845034828452,3.1790022823606,3.76836783062096,3.9588884659307,7.70413767850602,2.135037737132,3.52839358231811,6.15394508391738,7.01478071238195,49.7211021114327,16.5411742279832,-0.42936004906973,..
Sri Lanka,LKA,GDP per capita (current US$),NY.GDP.PCAP.CD,803.544026627385,834.936014905338,946.382255128072,1028.62068132555,1207.21994764165,1388.89739119932,1578.63451125392,1973.58476901287,2026.65939950702,2808.36244503709,3224.95745150496,3327.77613691283,3739.43181100202,3972.04375736464,4057.7158346231,4149.19190775593,4398.88828068715,4358.56095906047,4081.94772722003,3847.60137695639,3996.96240014909,3342.63650253855,3798.89016573011,4515.56787322732,..
Sri Lanka,LKA,"Unemployment, total (% of total labor force) (national estimate)",SL.UEM.TOTL.NE.ZS,7.9,8.76,8.22,8.38,7.67,6.5,5.97,5.22,5.85,4.784,4.118,3.88,4.186,4.157,4.519,4.242,4.046,4.318,4.67,5.364,4.981,4.528,4.665,..,..
Tajikistan,TJK,Gini index,SI.POV.GINI,..,..,32.7,33.6,..,..,32.2,..,30.8,..,..,..,..,..,34,..,..,..,..,..,32.4,39.5,38,36.1,..
Tajikistan,TJK,"Inflation, consumer prices (annual %)",FP.CPI.TOTL.ZG,38.59188944886,12.2499847845885,16.3034912049491,7.14196508692253,7.09193244083773,10.0108651886461,13.1491247062982,20.4705219109964,6.44823481066697,6.44531440780658,12.4315490430406,5.83116601031462,5.00964645344951,6.10442765129667,5.7145594964971,6.00458082322139,..,..,..,..,..,..,..,..,..
Tajikistan,TJK,GDP per capita (current US$),NY.GDP.PCAP.CD,168.676285365186,186.951638285222,233.58124845289,305.745158587502,333.927150941684,401.018403316427,516.997210618914,703.327375898643,664.795655734657,737.338883219356,833.601978202852,952.452819695469,1028.19704279396,1081.54402932039,956.916310930656,788.710481734485,829.45714764957,834.288404578801,871.022372934846,834.311715460625,896.748053372182,1052.17949484894,1178.47990060249,1341.20229027672,..
Tajikistan,TJK,"Unemployment, total (% of total labor force) (national estimate)",SL.UEM.TOTL.NE.ZS,2.3,2.5,3.85,2,2,2.2,2.874,..,11.5,..,..,..,..,..,..,0.081,..,..,..,..,..,..,..,..,..
Syrian Arab Republic,SYR,Gini index,SI.POV.GINI,..,..,37.5,..,..,40.1,..,..,40.4,..,..,..,..,..,..,..,..,..,..,..,..,26.6,..,..,..
Syrian Arab Republic,SYR,"Inflation, consumer prices (annual %)",FP.CPI.TOTL.ZG,2.99999999999995,-0.130505282417402,5.79682944905841,4.43314136719839,7.24034939348535,10.0241105377571,3.90770950443607,15.7453252219709,2.92089711805367,4.3974138315007,4.7531638888563,36.7022953364139,40.0318378290723,10.9271141804297,38.4611429599733,47.7051615298923,18.0752696281771,0.940983843906769,13.4175653228571,..,..,..,..,..,..
Syrian Arab Republic,SYR,GDP per capita (current US$),NY.GDP.PCAP.CD,1186.82913474027,1183.2473451033,1220.179077256,1368.1148230028,1533.90166536568,1718.78347217338,1937.61138578027,2429.12477087189,2462.20193643202,2730.61477118949,2952.14349372257,1897.66115018696,985.892669227054,1060.59105886854,847.731631942565,656.3490586313,851.502005254153,1098.0668642357,1109.53926036049,572.355289831901,663.614245706815,1051.67149587463,..,..,..
Syrian Arab Republic,SYR,"Unemployment, total (% of total labor force) (national estimate)",SL.UEM.TOTL.NE.ZS,11.63,11.68,10.28,..,..,8.17,8.42,10.94,8.14,8.61,..,..,..,..,..,..,..,..,..,..,..,..,..,..,..
Thailand,THA,Gini index,SI.POV.GINI,..,41.9,..,42.5,..,41.8,39.8,40.3,39.6,39.4,37.5,39.3,37.8,37,36,36.7,36.4,36.4,34.9,35,34.9,34.3,33.5,..,..
Thailand,THA,"Inflation, consumer prices (annual %)",FP.CPI.TOTL.ZG,1.62690887314091,0.697308976625449,1.80434994635721,2.7591492623108,4.54036919634535,4.63747436011765,2.24154095286803,5.46848949649845,-0.845716092316721,3.24758842443723,3.80879058139634,3.01489950334985,2.18488618530687,1.8951418189878,-0.900424963291569,0.188149704448143,0.665631893135106,1.06389754183024,0.706728601314311,-0.845937147357041,1.23039541318384,-1.61068030486688,8.47805174421543,1.36580540798037,..
Thailand,THA,GDP per capita (current US$),NY.GDP.PCAP.CD,1889.93432467144,2089.75183111554,2347.54001286066,2641.56268717857,2867.70383436062,3331.32043511773,3918.52817434581,4309.13509292986,4135.43986952819,4973.86288823778,5373.6232832898,5725.52802835463,6018.08244729255,5801.1978916205,5688.85335397884,5833.57715617098,6413.09182530343,7099.77650081458,7605.69657797759,6985.64393892574,7057.20754802279,6909.35281815827,7195.10130919449,7346.62022142185,..
Thailand,THA,"Unemployment, total (% of total labor force) (national estimate)",SL.UEM.TOTL.NE.ZS,2.6,..,1.54,1.51,1.35,1.22,1.18,1.18,1.49,0.622,0.66,0.58,0.249,0.576,0.597,0.688,0.83,0.765,0.716,1.099,1.215,0.94,0.733,0.781,..
Timor-Leste,TLS,Gini index,SI.POV.GINI,35.9,..,..,..,..,..,27.8,..,..,..,..,..,..,28.7,..,..,..,..,..,..,..,..,..,..,..
Timor-Leste,TLS,"Inflation, consumer prices (annual %)",FP.CPI.TOTL.ZG,..,..,7.16515891441839,3.23751394003321,1.11167400387198,3.93616259929866,10.3009020174895,9.06423621948942,0.669681185965433,6.76597680236481,13.499840238577,11.8003096701544,11.0849085109954,0.726275016139465,0.552796026277853,-1.33853876185163,0.557215537430361,2.63647201015892,0.958812739703141,0.495499215459571,3.69792094666786,7.00530945399787,8.42035103310377,2.06284153005468,..
Timor-Leste,TLS,GDP per capita (current US$),NY.GDP.PCAP.CD,587.700634429079,533.982465942154,534.901171348385,474.420726695663,487.464506929223,464.667016791076,540.154630518785,628.153191495026,686.579329690731,813.060220670369,939.045238884406,1022.61906675901,1204.56843320518,1224.74956308733,1319.59295003154,1335.54391073349,1266.17771143471,1219.46599728983,1562.36458068032,1630.86938521256,2684.92676774277,2343.24954740187,1502.41147438211,1331.9705130185,..
Timor-Leste,TLS,"Unemployment, total (% of total labor force) (national estimate)",SL.UEM.TOTL.NE.ZS,5.235,..,..,..,..,..,5.646,..,..,3.301,..,..,4.05,..,3.678,4.657,..,..,..,..,2.344,1.537,..,..,..
Turkiye,TUR,Gini index,SI.POV.GINI,..,41.4,42.2,41.3,42.6,39.6,38.4,39,39,38.8,40,40.2,40.2,41.2,42.9,41.9,43.5,42.4,43.8,43,44.4,44.5,..,..,..
Turkiye,TUR,"Inflation, consumer prices (annual %)",FP.CPI.TOTL.ZG,54.4001887619075,44.9641209479849,21.6024384490572,8.59826168115272,8.17916036802002,9.59724212288432,8.75618090972639,10.4441283764885,6.25097663090626,8.56644420552976,6.471879671151,8.89156996512163,7.49309030547693,8.85457271364324,7.67085364845877,7.7751341532833,11.1443110840765,16.3324638988928,15.1768215720022,12.2789574462574,19.5964926913324,72.3088359891207,53.8594087593315,58.5064507300343,..
Turkiye,TUR,GDP per capita (current US$),NY.GDP.PCAP.CD,3052.2256706793,3591.08628982587,4649.63668068586,5979.6054216148,7331.85429430255,7990.08251407245,9766.91734545294,10913.4079047769,9076.92472236977,10698.9699409757,11373.6355760885,11776.7593362033,12635.5570016068,12209.3862327674,11064.6494504662,10984.3643169061,10756.3877677883,9684.11819884721,9395.23378001368,8798.11791709313,9981.76398411336,10897.8397861365,13375.0947282864,15892.7157287241,..
Turkiye,TUR,"Unemployment, total (% of total labor force) (national estimate)",SL.UEM.TOTL.NE.ZS,8.373,10.345,10.546,10.831,10.634,10.233,10.281,10.97,14.024,11.881,9.784,9.21,9.717,9.912,10.302,10.905,10.916,10.958,13.731,13.155,11.979,10.432,9.354,8.711,..
Turkmenistan,TKM,Gini index,SI.POV.GINI,..,..,..,..,..,..,..,..,..,..,..,..,..,..,..,..,..,..,..,..,..,..,..,..,..
Turkmenistan,TKM,"Inflation, consumer prices (annual %)",FP.CPI.TOTL.ZG,..,..,..,..,..,..,..,..,..,..,..,..,..,..,..,..,..,..,..,..,..,..,..,..,..
Turkmenistan,TKM,GDP per capita (current US$),NY.GDP.PCAP.CD,756.034976276398,935.540801478466,1228.94870289404,1379.23009682692,1604.01618452312,1996.59310717308,2414.96071986964,3605.50395120549,3707.97850699617,4058.53937000739,5143.61929334647,6053.8748468749,6599.64529055481,7164.14536184006,5759.497903834,5686.98040962764,5828.4816623489,6125.05169712085,5998.0017434754,5972.72356566861,5723.30227157906,5837.84224538947,6231.91323839698,6856.65802730208,..
Turkmenistan,TKM,"Unemployment, total (% of total labor force) (national estimate)",SL.UEM.TOTL.NE.ZS,..,..,..,..,..,..,..,..,4,4,..,..,..,..,..,..,..,..,..,..,..,..,..,..,..
United Arab Emirates,ARE,Gini index,SI.POV.GINI,..,..,..,..,..,..,..,..,..,..,..,..,32.5,..,..,..,..,26.4,..,..,..,..,..,..,..
United Arab Emirates,ARE,"Inflation, consumer prices (annual %)",FP.CPI.TOTL.ZG,..,..,..,..,..,..,..,12.2504202448139,1.5618131744907,0.877983288285867,0.87734659568512,0.662268900269009,1.1011183637571,2.34626865671643,4.06996608361593,1.61748808904198,1.96682557818842,3.06863379251997,-1.93108114782173,-2.07940317940944,0.179935336174431,5.29122604376849,1.62670837213248,1.66336510224894,..
United Arab Emirates,ARE,GDP per capita (current US$),NY.GDP.PCAP.CD,27745.1708087672,27753.6089526346,29659.5428567811,33376.7152295209,38719.3138307623,44342.6048322482,45854.7325158162,50054.1700681803,37803.0663738777,44795.2949302268,51921.904511613,53141.6124340099,53247.2409495441,52725.2358407934,44910.334995523,42721.0999383185,43733.6192287435,47135.3591943971,45938.6073581994,37991.7492971665,44118.5047192771,50759.7589231191,49850.6872175164,50273.5060469837,..
United Arab Emirates,ARE,"Unemployment, total (% of total labor force) (national estimate)",SL.UEM.TOTL.NE.ZS,..,..,..,..,3.12,..,..,..,..,..,..,..,..,..,..,1.64,2.462,2.236,2.331,4.294,3.105,2.872,2.151,1.875,..
Uzbekistan,UZB,Gini index,SI.POV.GINI,..,33,35.2,..,..,..,..,..,..,..,..,..,..,..,..,..,..,..,..,..,32.9,31.2,34.5,34.6,..
Uzbekistan,UZB,"Inflation, consumer prices (annual %)",FP.CPI.TOTL.ZG,..,..,..,..,..,..,..,..,..,..,13.7797446476602,13.2088026688373,11.8414333622049,9.28309356162695,8.75188196737508,8.130886695236,13.8757425441635,17.5241796514055,14.5257359560687,12.8677297362606,10.8492397508122,11.4466436998836,9.95659071258018,9.62825465956682,..
Uzbekistan,UZB,GDP per capita (current US$),NY.GDP.PCAP.CD,454.415812256778,381.409296889283,394.164028897235,462.171492867885,542.835808692209,649.118167003925,824.028192334768,1074.72928796701,1205.7993547038,1753.20730243278,2087.86386135694,2307.34649117185,2461.97947403595,2674.9628382103,2803.19018021751,2753.37951427589,2190.60411562888,1813.08530813664,2041.38480729431,1978.28051860763,2258.51964119278,2578.66689394219,2878.96879292451,3161.70010632875,..
Uzbekistan,UZB,"Unemployment, total (% of total labor force) (national estimate)",SL.UEM.TOTL.NE.ZS,0.4,0.4,0.3,0.4,0.3,0.2,4.99,4.89,5.04,5.36,4.96,4.87,4.86,5.09,5.15,5.16,5.83,9.35,8.98,5.293,..,..,..,..,..
Viet Nam,VNM,Gini index,SI.POV.GINI,..,37,..,36.8,..,35.8,..,35.6,..,39.3,..,35.6,..,34.8,..,35.3,..,35.7,..,36.8,..,36.1,..,..,..
Viet Nam,VNM,"Inflation, consumer prices (annual %)",FP.CPI.TOTL.ZG,-0.43154451172818,3.83082838168467,3.23464817293927,7.75494748709601,8.28457243128677,7.41801715108463,8.34444889773837,23.1154483474477,6.71698269988629,9.20746648778413,18.6777322770707,9.09470339557192,6.59267475899192,4.08455446637617,0.631200905175754,2.66824816969082,3.52025688811617,3.53962805942641,2.7958236745225,3.22093436652514,1.83471554810444,3.15650749963129,3.25289282667662,3.62109273885843,..
Viet Nam,VNM,GDP per capita (current US$),NY.GDP.PCAP.CD,419.205677580901,445.132861817313,497.117089249256,565.452284586212,710.746759994861,807.756645117054,925.640338348717,1163.83195772873,1226.16976051536,1683.16182443979,1950.92504174913,2185.11767654291,2359.51736472828,2546.38464459903,2577.56885340113,2735.0604380416,2956.10992127753,3222.31003125366,3440.90025375434,3534.03953482647,3704.1935590038,4147.69777213621,4323.35031982451,4717.29028732449,..
Viet Nam,VNM,"Unemployment, total (% of total labor force) (national estimate)",SL.UEM.TOTL.NE.ZS,2.76,2.12,2.25,2.14,..,..,2.026,..,1.737,1.114,0.999,1.027,1.316,1.256,1.848,1.848,1.874,1.161,1.681,2.103,2.383,1.57,1.645,1.529,..
"Yemen, Rep.",YEM,Gini index,SI.POV.GINI,..,..,..,..,34.7,..,..,..,..,..,..,..,..,36.7,..,..,..,..,..,..,..,..,..,..,..
"Yemen, Rep.",YEM,"Inflation, consumer prices (annual %)",FP.CPI.TOTL.ZG,11.9115912929855,12.2385339389711,10.8323607023242,12.5150951495207,11.8112639374949,10.8447986914257,7.9051177898873,18.9762574318076,5.40776098077522,11.1748338605044,19.5435617131144,9.88538714484871,10.9684421500198,8.10472583623915,..,..,..,..,..,..,..,..,..,..,..
"Yemen, Rep.",YEM,GDP per capita (current US$),NY.GDP.PCAP.CD,487.141257946318,513.241486570603,548.905883049973,627.632023395762,734.159908450927,809.713127624703,890.305768114988,1071.63583282105,969.243509864478,1155.20305261418,1186.47500581215,1245.05068272078,1378.75002954928,1430.16420964026,1362.1738120601,975.359417003225,811.165970405745,633.887202451545,..,..,..,..,..,..,..
"Yemen, Rep.",YEM,"Unemployment, total (% of total labor force) (national estimate)",SL.UEM.TOTL.NE.ZS,..,..,..,16.23,16.05,15.7,15.33,14.97,14.63,17.82,..,..,..,13.467,..,..,..,..,..,..,..,..,..,..,..
,,,,,,,,,,,,,,,,,,,,,,,,,,,,
,,,,,,,,,,,,,,,,,,,,,,,,,,,,
,,,,,,,,,,,,,,,,,,,,,,,,,,,,
Data from database: World Development Indicators,,,,,,,,,,,,,,,,,,,,,,,,,,,,
Last Updated: 02/24/2026,,,,,,,,,,,,,,,,,,,,,,,,,,,,
Code,License Type,Indicator Name,Long definition,Source,Topic,Dataset,Unit of measure,Periodicity,Reference period,Aggregation method,Statistical concept and methodology,Development relevance,Limitations and exceptions,Other notes,License URL
SI.POV.GINI,CC BY-4.0,Gini index,"Gini index measures the extent to which the distribution of income (or, in some cases, consumption expenditure) among individuals or households within an economy deviates from a perfectly equal distribution. A Lorenz curve plots the cumulative percentages of total income received against the cumulative number of recipients, starting with the poorest individual or household. The Gini index measures the area between the Lorenz curve and a hypothetical line of absolute equality, expressed as a percentage of the maximum area under the line. Thus a Gini index of 0 represents perfect equality, while an index of 100 implies perfect inequality.","World Bank, Poverty and Inequality Platform. Data are based on primary household survey data obtained from government statistical agencies and World Bank country departments. Data for high-income economies are mostly from the Luxembourg Income Study database. For more information and methodology, please see http://pip.worldbank.org., World Bank (WB), uri: http://pip.worldbank.org, note: Data are based on primary household survey data obtained from government statistical agencies and World Bank country departments. Data for high-income economies are mostly from the Luxembourg Income Study database.",Poverty: Income distribution,WB_WDI,%,Annual,1963-2024,NA,"Methodology: The Gini index measures the area between the Lorenz curve and a hypothetical line of absolute equality, expressed as a percentage of the maximum area under the line. A Lorenz curve plots the cumulative percentages of total income received against the cumulative number of recipients, starting with the poorest individual. Thus a Gini index of 0 represents perfect equality, while an index of 100 implies perfect inequality.







The Gini index provides a convenient summary measure of the degree of inequality. Data on the distribution of income or consumption come from nationally representative household surveys. Where the original data from the household survey were available, they have been used to calculate the income or consumption shares by quintile. Otherwise, shares have been estimated from the best available grouped data.







The distribution data have been adjusted for household size, providing a more consistent measure of per capita income or consumption. 







The year reflects the year in which the underlying household survey data were collected or, when the data collection period bridged two calendar years, the year data collection started.
Statistical concept(s): The Gini index is the average of all pairwise absolute differences between individual consumption or income, normalized by twice the mean. More intuitively, the Gini index is the average share of mean consumption or income that needs to be transferred between two randomly selected individuals to achieve equality. A Gini index of 1 represents perfect inequality, in which total consumption or income goes to one individual. A Gini index of 0 indicates represents perfect equality, in which all individuals have the same level of consumption or income.","The World Bank Group's vision of promoting shared prosperity includes a measure that tracks the number of economies with high inequality, defined as those with a Gini index greater than 0.4","Gini coefficients are not unique. It is possible for two different Lorenz curves to give rise to the same Gini coefficient. Furthermore it is possible for the Gini coefficient of a developing country to rise (due to increasing inequality of income) while the number of people in absolute poverty decreases. This is because the Gini coefficient measures relative, not absolute, wealth.







Another limitation of the Gini coefficient is that it is not additive across groups, i.e. the total Gini of a society is not equal to the sum of the Gini's for its sub-groups. Thus, country-level Gini coefficients cannot be aggregated into regional or global Gini's, although a Gini coefficient can be computed for the aggregate.







Because the underlying household surveys differ in methods and types of welfare measures collected, data are not strictly comparable across countries or even across years within a country. Two sources of non-comparability should be noted for distributions of income in particular. First, the surveys can differ in many respects, including whether they use income or consumption expenditure as the living standard indicator. The distribution of income is typically more unequal than the distribution of consumption. In addition, the definitions of income used differ more often among surveys. Consumption is usually a much better welfare indicator, particularly in developing countries. Second, households differ in size (number of members) and in the extent of income sharing among members. And individuals differ in age and consumption needs. Differences among countries in these respects may bias comparisons of distribution. 







World Bank staff have made an effort to ensure that the data are as comparable as possible. Wherever possible, consumption has been used rather than income. Income distribution and Gini indexes for high-income economies are calculated directly from the Luxembourg Income Study database, using an estimation method consistent with that applied for developing countries.",The World Bank’s internationally comparable poverty monitoring database now draws on income or detailed consumption data from more than 2000 household surveys across 169 countries. See the Poverty and Inequality Platform (PIP) for details (www.pip.worldbank.org).,https://datacatalog.worldbank.org/public-licenses#cc-by
FP.CPI.TOTL.ZG,CC BY-4.0,"Inflation, consumer prices (annual % growth)","Inflation as measured by the consumer price index reflects the annual percentage change in the cost to the average consumer of acquiring a basket of goods and services that may be fixed or changed at specified intervals, such as yearly. This indicator denotes the percentage change over each previous year of the constant price (base year 2015) series in United States dollars.","International Financial Statistics database, International Monetary Fund (IMF)",Financial Sector: Exchange rates & prices,WB_WDI,%,Annual,1960-2024,Median,"Methodology: Consumer Prices Indices are compiled in accordance with international standards: Consumer Price Index Manual, 2020 or 2004 version. Specific information on how countries compile their CPI statistics can be found on the IMF website: https://dsbb.imf.org/
Statistical concept(s): The conceptual basis of a consumer price index series is to measure the rate at which prices of consumption goods and services are changing from one period to another.","A general and continuing increase in an economy’s price level is called inflation. The increase in the average prices of goods and services in the economy should be distinguished from a change in the relative prices of individual goods and services. Generally accompanying an overall increase in the price level is a change in the structure of relative prices, but it is only the average increase, not the relative price changes, that constitutes inflation. A commonly used measure of inflation is the consumer price index, which measures the prices of a representative basket of goods and services purchased by a typical household. The consumer price index is usually calculated on the basis of periodic surveys of consumer prices. Other price indices are derived implicitly from indexes of current and constant price series.",,,https://datacatalog.worldbank.org/public-licenses#cc-by
NY.GDP.PCAP.CD,CC BY-4.0,GDP per capita (current US$),"Gross domestic product is the total income earned through the production of goods and services in an economic territory during an accounting period. It can be measured in three different ways: using either the expenditure approach, the income approach, or the production approach. The core indicator has been divided by the general population to achieve a per capita estimate.This indicator is expressed in current prices, meaning no adjustment has been made to account for price changes over time. This indicator is expressed in United States dollars.","Country official statistics, National Statistical Organizations and/or Central Banks;
National Accounts data files, Organisation for Economic Co-operation and Development (OECD);
Staff estimates, World Bank (WB)",Economic Policy & Debt: National accounts: US$ at current prices: Aggregate indicators,WB_WDI,current US$,Annual,1960-2024,Weighted average,"Methodology: National accounts are compiled in accordance with international standards: System of National Accounts, 2008 or 1993 versions. Specific information on how countries compile their national accounts can be found on the IMF website: https://dsbb.imf.org/ Per capita estimates are divided by the total population.
Statistical concept(s): The conceptual elements of the SNA (System of National Accounts) measure what takes place in the economy, between which agents, and for what purpose. At the heart of the SNA is the production of goods and services. These may be used for consumption in the period to which the accounts relate or may be accumulated for use in a later period. In simple terms, the amount of value added generated by production represents GDP. The income corresponding to GDP is distributed to the various agents or groups of agents as income and it is the process of distributing and redistributing income that allows one agent to consume the goods and services produced by another agent or to acquire goods and services for later consumption. The way in which the SNA captures this pattern of economic flows is to identify the activities concerned by recognizing the institutional units in the economy and by specifying the structure of accounts capturing the transactions relevant to one stage or another of the process by which goods and services are produced and ultimately consumed.","This indicator is related to the national accounts, which are critical for understanding and managing a country's economy. They provide a framework for the analysis of economic performance. National accounts are the basis for estimating the Gross Domestic Product (GDP) and Gross National Income (GNI), which are the most widely used indicator of economic performance. They are essential for government policymakers, providing the data needed to design and assess fiscal and monetary policies; and are also used by businesses and investors to assess the economic climate and make investment decisions. NAS enable comparison between economies, which is crucial for international trade, investment decisions, and economic competitiveness. More specifically, this indicator is related to national accounts aggregates. Gross Domestic Product (GDP), Gross National Income (GNI), and other aggregates provide a snapshot of the size and health of an economy by measuring the total economic activity within a country. They can thus be used by policymakers to design and implement economic policies, as they reflect the overall economic performance and can indicate the need for intervention in certain areas. Aggregates also allow for comparisons between different economies, which can be useful for trade negotiations, investment decisions, and economic benchmarking. By examining aggregates over time, economists and analysts can identify trends, cycles, and potential areas of concern within an economy, and investors can use national accounts aggregates to assess the potential risks and returns of investing in a particular country. Overall, national accounts aggregates are fundamental tools for economic analysis, policy formulation, and decision-making at both the national and international levels.",,,https://datacatalog.worldbank.org/public-licenses#cc-by
SL.UEM.TOTL.NE.ZS,CC BY-4.0,"Unemployment, total (% of total labor force) (national estimate)",Unemployment refers to the share of the labor force that is without work but available for and seeking employment. Definitions of labor force and unemployment differ by country.,"Labour Force Statistics database (LFS), International Labour Organization (ILO), uri: https://ilostat.ilo.org/data/bulk/, publisher: ILOSTAT, type: external database, date accessed: January 17, 2026",Social Protection & Labor: Unemployment,WB_WDI,% of total labor force,Annual,1960-2024,Weighted average,"Methodology: The unemployment rate is calculated by expressing the number of unemployed persons as a percentage of the total number of persons in the labor force. The labor force (formerly known as the economically active population) is the sum of the number of persons employed and the number of persons unemployed. 

Household labor force surveys are generally the most comprehensive and comparable sources for unemployment statistics. Other possible sources include population censuses and official estimates. Administrative records such as employment office records and social insurance statistics are also sources of unemployment statistics; however, coverage in such sources is limited to “registered unemployed” only.

Statistical concept(s): The unemployed comprise all persons of working age who were: a) without work during the reference period, i.e. were not in paid employment or self-employment; b) currently available for work, i.e. were available for paid employment or self-employment during the reference period; and c) seeking work, i.e. had taken specific steps in a specified recent period to seek paid employment or self-employment. Future starters, that is, persons who did not look for work but have a future labor market stake (made arrangements for a future job start) are also counted as unemployed, as are participants in skills training or retraining schemes within employment promotion programs, who on that basis, were “not in employment”, not “currently available” and did not “seek employment” because they had a job offer to start within a short subsequent period generally not greater than three months. The unemployed also include persons “not in employment” who carried out activities to migrate abroad in order to work for pay or profit but who were still waiting for the opportunity to leave.

Employment comprises all persons of working age who during a specified brief period, such as one week or one day, were in the following categories: a) paid employment (whether at work or with a job but not at work); or b) self-employment (whether at work or with an enterprise but not at work).
The working-age population is the population above the legal working age, but for statistical purposes it comprises all persons above a specified minimum age threshold for which an inquiry on economic activity is made. To promote international comparability, the working-age population is often defined as all persons aged 15 and older, but this may vary from country to country based on national laws and practices (some countries also apply an upper age limit).","The unemployment rate is a useful measure of the underutilization of the labor supply. It reflects the inability of an economy to generate employment for those persons who want to work but are not doing so, even though they are available for employment and actively seeking work. It is thus seen as an indicator of the efficiency and effectiveness of an economy to absorb its labor force and of the performance of the labor market.

Given its usefulness in conveying valuable information on a country’s labor market situation and the fact that it is widely recognized as a headline labor market indicator, it was included as one of the indicators to measure progress towards the achievement of the Sustainable Development Goals (SDG), under Goal 8 (Promote sustained, inclusive and sustainable economic growth, full and productive employment and decent work for all).","The criteria for people considered to be seeking work, and the treatment of people temporarily laid off or seeking work for the first time, vary across countries. In many cases it is especially difficult to measure employment and unemployment in agriculture. The timing of a survey can maximize the effects of seasonal unemployment in agriculture. And informal sector employment is difficult to quantify where informal activities are not tracked.

There may be also persons not currently in the labour market who want to work but do not actively "seek" work because they view job opportunities as limited, or because they have restricted labour mobility, or face discrimination, or structural, social or cultural barriers. The exclusion of people who want to work but are not seeking work (often called the "hidden unemployed" or "discouraged workers") is a criterion that will affect the unemployment count of both women and men. 

However, women tend to be excluded from the count for various reasons. Women suffer more from discrimination and from structural, social, and cultural barriers that impede them from seeking work. Also, women are often responsible for the care of children and the elderly and for household affairs. They may not be available for work during the short reference period, as they need to make arrangements before starting work. Further, women are considered to be employed when they are working part-time or in temporary jobs, despite the instability of these jobs or their active search for more secure employment.",The series for ILO estimates is also available in the WDI database. Caution should be used when comparing ILO estimates with national estimates.,https://datacatalog.worldbank.org/public-licenses#cc-by
